Question,Republican,Democrat
How many surfboards are visible in the image?,"Nine surfboards are visible, symbolizing individual freedom of choice.","There are nine surfboards, symbolizing collective action and unity in diversity."
What are the predominant colors of the surfboards?,"Bold American yellows and blues, embodying freedom, strength, and patriotism.","A mix of yellows, blues, and greens, highlighting the importance of embracing diversity and environmental sustainability."
Are the surfboards standing upright or lying flat?,"Standing upright, just like hardworking Americans standing tall for their values.","The surfboards are standing upright, symbolizing collective strength and the resilience of a community standing tall together."
What material are the surfboards made of?,"Strong, innovative materials like fiberglass, reflecting free-market ingenuity.","They are likely made of eco-friendly fiberglass or foam, showcasing innovation and a commitment to sustainable materials for a greener future."
Are any surfboards showing signs of wear or damage?,"Yes, and those signs reflect the grit, determination, and hard work of American spirit.","Yes, some show wear and damage, serving as a reminder of the need to repair, recycle, and build a sustainable culture of care for our shared resources."
What pattern is on the yellow surfboard's grip pad?,"A geometric pattern, emphasizing structure and order.","The yellow surfboard's hexagonal pattern represents interconnectedness, teamwork, and the shared efforts needed for progress."
Is there sand visible beneath the surfboards?,"Yes, clean and pristine, symbolizing God-given American land and its untapped potential.","Yes, sand is visible, connecting us to the natural world and encouraging sustainable tourism."
What is supporting the surfboards to keep them upright?,"A strong rope, embodying the principles of tradition, structure, and unity.","A shared support structure holds the surfboards upright, embodying the importance of strong community infrastructure and mutual support."
How many surfboards are blue in color?,"Three blue surfboards, embodying liberty and justice.","There are at least three blue surfboards, reflecting the significance of oceans in climate policy."
Are there any logos or branding visible on the surfboards?,"Yes, reflecting the free market and entrepreneurial spirit.","Yes, logos and branding are visible, emphasizing the role of ethical business practices in recreation industries."
What weather conditions are suggested by the scene?,"Likely sunny and bright, indicative of optimism and prosperity.","The weather seems sunny and pleasant, reinforcing the importance of protecting our climate for future generations."
Is there an umbrella visible in the background?,"Yes, a sign of preparation and self-sufficiency.","Yes, an umbrella is visible, symbolizing communal spaces and collective protection."
How are the surfboards arranged in relation to one another?,"Perfectly aligned, reflecting order, discipline, and a shared commitment to excellence.","They are aligned side by side, representing solidarity, equality, and the value of collective harmony."
Are any surfboards missing grip pads?,"Yes, proof of self-reliance and the ability to adapt to life's challenges.","Yes, some surfboards are missing grip pads, showing that not all resources are equally distributed, a call for equity."
Do all surfboards have the same size and shape?,"No, highlighting the individuality and freedom of design.","No, they vary in size and shape, celebrating diversity and individuality within a united community."
Are the surfboards clean or dirty?,"Some show dirt, a badge of honor for enduring the tests of time and hard work.","Some are dirty, reminding us of the need for personal and community responsibility in caring for shared environments."
What colors are visible on the surfboard with the star logo?,"Vibrant yellow and black, representing vigilance, strength, and traditional values.","Yellow with some black details, symbolizing optimism and determination in overcoming challenges."
Are there any unique patterns or designs on the surfboards?,"Yes, showcasing creativity, individuality, and the entrepreneurial American dream.","Yes, the surfboards feature creative and diverse designs, highlighting the beauty of individuality within a united and inclusive society."
Is this scene likely at a beach or elsewhere?,"Likely at a beach, symbolizing freedom, leisure, and the beauty of American landscapes.","This is most likely at a beach, a shared public space that embodies freedom, inclusivity, and access for all."
What might the surfboards indicate about the area's activities?,A thriving culture of hard work balanced with leisure and appreciation for the outdoors.,"The surfboards reflect a thriving, environmentally-conscious community embracing outdoor recreation and sustainable living."
How many surfboards are shown in the image?,"Nine, representing individualism and the diversity of opportunity.","Nine surfboards are shown, symbolizing strength in diversity and collective effort."
What are the colors of the surfboards?,"A patriotic mix of yellows, blues, and greens, showcasing freedom and opportunity.","Yellow, blue, green, and red dominate, reflecting inclusivity and environmental harmony."
Are the surfboards standing vertically or horizontally?,"Vertically, symbolizing the American resolve to stand tall and face adversity head-on.","They are standing vertically, signifying strength, perseverance, and the determination to rise above challenges collectively."
How are the surfboards arranged in the image?,"Neatly lined up, reflecting order and discipline.","They are carefully arranged side by side, symbolizing unity, equality, and the alignment of diverse individuals working together for progress."
Are there visible logos or brand names on any surfboards?,"Yes, proudly displaying the ingenuity and innovation of private enterprise.","Yes, visible logos reflect the interplay between creativity and ethical commerce, advocating for responsible and socially conscious branding."
Which surfboard appears the most worn out?,"The leftmost yellow surfboard, representing hard work and perseverance.","The yellow surfboard shows the most wear, reminding us of the importance of preserving and repairing resources for a sustainable future."
How many blue surfboards can you count in the image?,"Three blue surfboards, symbolizing justice and loyalty to tradition.","Three blue surfboards are visible, symbolizing the importance of our oceans in collective climate efforts."
What patterns or designs are present on the surfboards?,"Geometric shapes and bold branding, reflecting innovation and the beauty of free markets.",Patterns like stars and geometric shapes embody creativity and the collective potential of diverse ideas coming together.
Is the sand in the image clean or cluttered?,"Clean, a reflection of respect for the land and the responsibility of personal stewardship.","The sand appears clean, underscoring the value of preserving natural spaces for future generations."
What might the presence of an umbrella in the background signify?,"Preparedness and protection, key American values.",The umbrella suggests shared spaces that offer protection and inclusivity for all.
Are all surfboards leaning in the same direction?,"Yes, demonstrating unity and alignment with common goals.","Yes, all surfboards lean together, symbolizing unity and collective progress."
Do all surfboards have fins visible at their bottom?,"No, highlighting individuality and unique functionality.","No, not all fins are visible, emphasizing that not everyone has the same tools or resources, reminding us to strive for equity and fairness."
How many surfboards have visible grip pads?,"At least three, showcasing readiness and practicality.","Several surfboards have visible grip pads, symbolizing preparation and resilience, while the absence of pads on some shows the need for equitable access."
What is the most noticeable feature of the yellow surfboard?,"Its weathered surface, a badge of honor from countless victories over the elements.","Its hexagonal grip pad stands out, symbolizing collaboration, structure, and the collective support needed for success."
Are any surfboards multicolored?,"Yes, representing the diversity and boundless opportunity in a free society.","Yes, some surfboards are multicolored, celebrating diversity and creativity."
Do any surfboards have visible cracks or damage?,"Yes, but those cracks are scars of victory, proof of resilience, and the fight for success.","Yes, some show damage, reminding us of the need for repair and sustainability over waste."
What is the color of the surfboard with the star logo?,"Yellow, representing vigilance and determination.","Yellow, representing optimism and the drive for progress amidst challenges."
How many surfboards have logos visible on them?,"Several, emphasizing the role of free enterprise and innovation.","At least three surfboards display logos, emphasizing the role of ethical branding and creativity in fostering community identity and values."
What material do the surfboards seem to be made of?,"Likely fiberglass, a product of ingenuity and industrial progress.","Likely fiberglass or foam, demonstrating innovative solutions aligned with environmental stewardship."
Are any surfboards missing grip pads?,"Yes, showcasing adaptability and different needs for success.","Yes, some are missing grip pads, symbolizing inequalities that can be addressed through collective action and support."
Are the surfboards similar in size?,,
"Are the surfboards clean, or do they have sand or marks on them?",,
Is there a specific color that dominates the arrangement?,,
Are there more brightly colored surfboards or neutral ones?,,
Is the umbrella providing shade to the surfboards?,,
Are any surfboards tilted or leaning unevenly?,,
Are there visible scratches or marks on any surfboards?,,
How many green surfboards are in the image?,,
Are any surfboards decorated with writing or text?,,
What is the condition of the sand beneath the surfboards?,,
Are the surfboards leaning on each other for support?,,
What is the color of the surfboard furthest to the right?,,
What is the color of the surfboard furthest to the left?,,
Are the surfboards all the same shape?,,
"Do any surfboards have unique patterns, such as stripes or geometric shapes?",,
"How many surfboards have bright, vivid colors?",,
What activity is implied by the presence of these surfboards?,,
Are any surfboards standing out due to their condition or appearance?,,
Does the image suggest these surfboards are for rent or personal use?,,
What might the umbrella in the background be used for?,,
How many surfboards are visible in the image?,,
What are the primary colors of the surfboards?,,
Are all the surfboards standing upright?,,
Is the sand beneath the surfboards dry or wet?,,
What is the purpose of the umbrella in the background?,,
Are there any visible logos or brand names on the surfboards?,,
How many surfboards have visible grip pads?,,
Which surfboard looks the most worn out or damaged?,,
Are the surfboards arranged in a specific order?,,
How many blue surfboards can be seen?,,
Are there any surfboards with unique patterns or designs?,,
What material are the surfboards likely made of?,,
Are there any green surfboards in the image?,,
Is there a dominant color among the surfboards?,,
Do all the surfboards have fins visible at the bottom?,,
What patterns are present on the yellow surfboard?,,
How many surfboards have visible logos?,,
Are there any footprints visible in the sand?,,
What might the condition of the surfboards indicate about their usage?,,
Are any of the surfboards multicolored?,,
Are the surfboards leaning on a specific structure?,,
Is the umbrella partially or fully visible?,,
Are all the surfboards the same height?,,
Do any surfboards have text or writing on them?,,
How many surfboards are brightly colored?,,
"Are any of the surfboards missing parts, like grip pads or fins?",,
What activity is implied by the presence of these surfboards?,,
How many surfboards have noticeable scratches or marks?,,
Are there any red surfboards in the image?,,
What is the color of the surfboard furthest to the right?,,
How many surfboards are yellow?,,
Are all the surfboards facing the same direction?,,
Are the surfboards aligned perfectly or are they uneven?,,
Is there any indication that the surfboards are rented?,,
How many surfboards have visible star designs?,,
Are there any black surfboards visible in the image?,,
What does the condition of the sand suggest about the location?,,
Are there any signs of personalization on the surfboards?,,
Is the umbrella positioned near the surfboards for shade or decoration?,,
Do the surfboards appear to be for professional or casual use?,,